{"stats":{"minecraft:dropped":{"minecraft:spruce_sapling":3},"minecraft:used":{"minecraft:diamond_helmet":1,"minecraft:quartz_block":234,"minecraft:quartz_bricks":44,"minecraft:smooth_quartz_stairs":134,"minecraft:sea_lantern":3,"minecraft:quartz_pillar":18,"easy_npc:humanoid_slim_spawn_egg":1,"minecraft:grass_block":40},"minecraft:custom":{"minecraft:jump":78,"minecraft:time_since_rest":118423,"minecraft:crouch_one_cm":311,"minecraft:leave_game":5,"minecraft:sprint_one_cm":6187,"minecraft:play_time":118423,"minecraft:time_since_death":118423,"minecraft:walk_one_cm":74583,"minecraft:sneak_time":573,"minecraft:total_world_time":118423,"minecraft:drop":3,"minecraft:fall_one_cm":209,"minecraft:fly_one_cm":20612},"minecraft:picked_up":{"minecraft:stick":6,"minecraft:spruce_sapling":13}},"DataVersion":3465}