{"stats":{"minecraft:broken":{"minecraft:wooden_shovel":1,"minecraft:stone_axe":1,"minecraft:wooden_axe":1,"minecraft:wooden_hoe":1},"minecraft:mined":{"minecraft:dark_oak_planks":25,"uniquedungeons:climbing_hook":1,"minecraft:dandelion":1,"minecraft:crafting_table":1,"minecraft:torch":13,"gravestone:gravestone":3,"minecraft:grass_block":167,"minecraft:copper_ore":5,"minecraft:tall_grass":6,"minecraft:sugar_cane":3,"minecraft:oak_planks":8,"minecraft:wall_torch":10,"minecraft:dark_oak_door":1,"minecraft:wheat":1,"minecraft:lilac":1,"minecraft:white_carpet":1,"treechop:chopped_log":26,"minecraft:grass":51,"minecraft:bookshelf":9,"minecraft:coal_ore":10,"minecraft:gravel":1,"minecraft:dirt":33,"minecraft:cobweb":4,"minecraft:zombie_wall_head":1,"minecraft:stone":10,"uniquedungeons:climbing_rope":2},"minecraft:killed":{"minecraft:tadpole":2,"minecraft:wandering_trader":2,"minecraft:sheep":6,"minecraft:trader_llama":4},"minecraft:crafted":{"minecraft:oak_planks":140,"minecraft:wooden_shovel":1,"minecraft:crafting_table":1,"minecraft:furnace":1,"minecraft:stone_axe":1,"minecraft:dark_oak_door":3,"minecraft:wooden_hoe":1,"minecraft:stick":8,"minecraft:wooden_axe":1,"minecraft:chest":13,"minecraft:dark_oak_planks":488,"minecraft:torch":40},"minecraft:dropped":{"minecraft:dark_oak_door":1,"minecraft:stone_axe":1,"minecraft:wheat_seeds":8,"minecraft:stone_sword":13,"minecraft:tadpole_bucket":1,"biomesoplenty:maple_sapling":1,"minecraft:cobblestone":2,"minecraft:oak_planks":62,"biomesoplenty:orange_autumn_sapling":28,"minecraft:leather":1,"minecraft:glass_pane":1,"minecraft:emerald":2,"minecraft:poppy":1,"minecraft:dirt":38,"minecraft:torch":1,"minecraft:oak_sapling":1,"gravestone:obituary":8,"minecraft:spider_eye":1,"minecraft:bow":1,"minecraft:stone_pickaxe":1,"minecraft:iron_pickaxe":1,"minecraft:string":1,"minecraft:dark_oak_planks":217,"minecraft:spruce_sapling":3,"uniquedungeons:climbing_hook_item":5},"minecraft:used":{"minecraft:wheat_seeds":3,"minecraft:quartz_bricks":44,"minecraft:water_bucket":4,"minecraft:leather_leggings":1,"minecraft:stone_sword":23,"minecraft:iron_shovel":110,"minecraft:armor_stand":4,"minecraft:stone_pickaxe":29,"minecraft:oak_planks":85,"minecraft:chest":13,"minecraft:leather_chestplate":1,"minecraft:wooden_shovel":61,"minecraft:sugar_cane":3,"minecraft:smooth_quartz_stairs":134,"minecraft:torch":29,"minecraft:dirt":161,"easy_npc:humanoid_slim_spawn_egg":1,"minecraft:crafting_table":2,"minecraft:carrot":5,"minecraft:diamond_helmet":1,"biomesoplenty:orange_autumn_sapling":46,"minecraft:dark_oak_door":3,"biomesoplenty:maple_sapling":4,"minecraft:dark_oak_planks":203,"minecraft:wooden_axe":59,"minecraft:wooden_hoe":59,"minecraft:sea_lantern":3,"minecraft:quartz_pillar":18,"minecraft:zombie_head":1,"minecraft:grass_block":40,"minecraft:bread":24,"minecraft:iron_pickaxe":3,"minecraft:quartz_block":234,"minecraft:leather_helmet":1,"minecraft:stone_axe":145,"minecraft:tadpole_bucket":1,"minecraft:bow":1,"minecraft:oak_sapling":3,"minecraft:furnace":1,"minecraft:bucket":4,"alexsmobs:animal_dictionary":3},"minecraft:killed_by":{"minecraft:skeleton":1,"minecraft:spider":1,"mokels_adventure:vyde":2},"minecraft:picked_up":{"minecraft:wheat":3,"minecraft:iron_chestplate":1,"minecraft:crafting_table":1,"minecraft:leather_chestplate":1,"minecraft:lilac":1,"minecraft:leather_leggings":1,"minecraft:leather":3,"minecraft:lead":2,"biomesoplenty:orange_autumn_sapling":74,"uniquedungeons:climbing_hook_item":1,"minecraft:oak_log":35,"gravestone:obituary":2,"minecraft:string":1,"minecraft:dirt":214,"minecraft:raw_copper":14,"minecraft:iron_leggings":1,"minecraft:leather_boots":1,"minecraft:armor_stand":4,"minecraft:zombie_head":3,"minecraft:glass_pane":1,"minecraft:apple":7,"minecraft:bow":2,"minecraft:wheat_seeds":26,"minecraft:stone_pickaxe":1,"minecraft:poppy":1,"minecraft:sugar_cane":3,"minecraft:oak_planks":50,"minecraft:iron_boots":1,"minecraft:book":27,"minecraft:dark_oak_door":1,"minecraft:stick":55,"minecraft:torch":22,"minecraft:spruce_sapling":13,"minecraft:dark_oak_log":142,"minecraft:spider_eye":1,"minecraft:dark_oak_planks":18,"minecraft:stone_sword":1,"biomesoplenty:maple_sapling":5,"minecraft:rotten_flesh":2,"minecraft:stone_axe":1,"minecraft:iron_helmet":1,"minecraft:emerald":4,"minecraft:oak_sapling":4,"minecraft:coal":10,"minecraft:white_wool":3,"minecraft:cobblestone":10},"minecraft:custom":{"minecraft:interact_with_furnace":2,"minecraft:mob_kills":8,"minecraft:interact_with_crafting_table":18,"minecraft:open_barrel":3,"minecraft:leave_game":8,"minecraft:time_since_death":107407,"minecraft:sleep_in_bed":1,"minecraft:climb_one_cm":3459,"minecraft:time_since_rest":43167,"minecraft:sprint_one_cm":382457,"minecraft:damage_taken":1698,"minecraft:walk_one_cm":512787,"minecraft:drop":266,"minecraft:damage_dealt":775,"minecraft:swim_one_cm":41215,"minecraft:talked_to_villager":2,"minecraft:fly_one_cm":269970,"minecraft:open_chest":126,"minecraft:crouch_one_cm":5768,"minecraft:deaths":4,"minecraft:play_time":258971,"minecraft:sneak_time":2241,"minecraft:walk_under_water_one_cm":21746,"minecraft:jump":1467,"minecraft:walk_on_water_one_cm":41624,"minecraft:total_world_time":258971,"minecraft:fall_one_cm":32237}},"DataVersion":3465}