{"stats":{"minecraft:killed":{"minecraft:tadpole":2,"minecraft:skeleton":14,"minecraft:wandering_trader":2,"illusion_onslaught:spirit":2,"minecraft:sheep":6,"minecraft:trader_llama":4},"minecraft:custom":{"minecraft:mob_kills":17,"minecraft:interact_with_crafting_table":26,"minecraft:open_barrel":14,"minecraft:bell_ring":1,"minecraft:leave_game":11,"minecraft:time_since_death":76063,"minecraft:climb_one_cm":6792,"minecraft:sprint_one_cm":786728,"minecraft:walk_one_cm":1009456,"minecraft:drop":370,"minecraft:talked_to_villager":2,"minecraft:play_time":405872,"minecraft:deaths":5,"minecraft:sneak_time":5818,"minecraft:walk_under_water_one_cm":35235,"minecraft:interact_with_lectern":1,"minecraft:jump":2834,"minecraft:walk_on_water_one_cm":51305,"minecraft:total_world_time":405872,"minecraft:interact_with_furnace":7,"minecraft:sleep_in_bed":1,"minecraft:time_since_rest":76091,"minecraft:damage_taken":3894,"minecraft:damage_dealt":3049,"minecraft:swim_one_cm":44052,"minecraft:fly_one_cm":571077,"minecraft:open_chest":242,"minecraft:crouch_one_cm":16056,"minecraft:fall_one_cm":56276,"minecraft:inspect_dispenser":2},"minecraft:dropped":{"minecraft:spruce_sign":1,"minecraft:bread":12,"minecraft:wheat_seeds":46,"minecraft:tadpole_bucket":1,"biomesoplenty:maple_sapling":1,"minecraft:cobblestone":3,"minecraft:leather":1,"minecraft:tropical_fish":2,"minecraft:spruce_stairs":1,"minecraft:stick":1,"minecraft:emerald":2,"minecraft:dirt":57,"minecraft:wooden_hoe":1,"minecraft:torch":1,"minecraft:mutton":2,"minecraft:oak_stairs":1,"gravestone:obituary":11,"spartanshields:dark_steel_riot_basic_shield":1,"minecraft:iron_pickaxe":1,"minecraft:string":1,"minecraft:dark_oak_planks":217,"minecraft:bucket":1,"minecraft:spruce_sapling":3,"minecraft:dandelion":2,"minecraft:dark_oak_door":1,"minecraft:stone_axe":1,"minecraft:sugar_cane":2,"minecraft:stone_sword":13,"minecraft:wheat":2,"minecraft:beetroot":1,"minecraft:oak_planks":62,"biomesoplenty:orange_autumn_sapling":29,"minecraft:warped_door":2,"minecraft:glass_pane":1,"minecraft:poppy":1,"minecraft:potato":1,"minecraft:hay_block":2,"minecraft:flower_pot":2,"minecraft:diamond_chestplate":1,"minecraft:spruce_trapdoor":2,"minecraft:diamond_pickaxe":1,"minecraft:azalea":3,"minecraft:oak_sapling":1,"minecraft:spider_eye":1,"spartanweaponry:copper_flanged_mace":1,"minecraft:spruce_slab":8,"minecraft:bow":1,"minecraft:stone_pickaxe":1,"uniquedungeons:climbing_hook_item":5},"minecraft:broken":{"minecraft:wooden_shovel":1,"minecraft:stone_axe":1,"minecraft:wooden_axe":1,"minecraft:wooden_hoe":1},"minecraft:picked_up":{"minecraft:iron_chestplate":1,"minecraft:crafting_table":1,"minecraft:wheat":34,"minecraft:chicken":1,"minecraft:flower_pot":2,"minecraft:leather_leggings":1,"minecraft:lead":2,"biomesoplenty:orange_autumn_sapling":78,"gravestone:obituary":4,"minecraft:string":1,"minecraft:raw_copper":14,"minecraft:iron_leggings":1,"dungeonnowloading:spawner_fragment":36,"minecraft:armor_stand":4,"minecraft:zombie_head":3,"minecraft:glass_pane":1,"minecraft:beetroot":1,"minecraft:bucket":1,"improvableskills:scroll_normal":1,"minecraft:azalea":3,"minecraft:poppy":1,"minecraft:spruce_slab":9,"minecraft:sugar_cane":36,"minecraft:chest":1,"minecraft:spruce_trapdoor":2,"minecraft:iron_boots":1,"minecraft:dark_oak_door":2,"minecraft:raw_iron":1,"minecraft:stick":58,"minecraft:torch":50,"minecraft:spruce_stairs":1,"minecraft:spruce_fence":8,"illusion_onslaught:spirit_dust":1,"minecraft:carrot":14,"minecraft:redstone":1,"minecraft:prismarine_crystals":2,"minecraft:warped_door":2,"minecraft:dark_oak_planks":18,"minecraft:stone_sword":1,"minecraft:arrow":13,"minecraft:rotten_flesh":2,"minecraft:beetroot_seeds":2,"minecraft:hay_block":4,"minecraft:mutton":2,"minecraft:iron_bars":1,"forbidden_arcanus:spawner_scrap":5,"minecraft:white_wool":3,"minecraft:cobblestone":49,"minecraft:leather_chestplate":1,"minecraft:repeater":1,"minecraft:lilac":3,"minecraft:leather":3,"minecraft:smoker":1,"minecraft:potato":1,"uniquedungeons:climbing_hook_item":1,"minecraft:tuff":1,"minecraft:oak_log":46,"minecraft:dirt":259,"minecraft:lantern":3,"minecraft:leather_boots":1,"minecraft:bone":8,"minecraft:apple":8,"minecraft:stone_bricks":3,"minecraft:stonecutter":1,"minecraft:bow":2,"minecraft:wheat_seeds":125,"minecraft:grindstone":1,"minecraft:stone_pickaxe":1,"minecraft:oak_planks":51,"minecraft:book":54,"minecraft:dandelion":6,"minecraft:spruce_sapling":14,"minecraft:white_bed":6,"minecraft:dark_oak_log":158,"minecraft:spider_eye":1,"minecraft:dark_prismarine":1,"minecraft:skeleton_spawn_egg":1,"biomesoplenty:maple_sapling":5,"minecraft:stone_axe":1,"minecraft:iron_helmet":1,"minecraft:crossbow":1,"minecraft:spruce_sign":2,"minecraft:emerald":4,"minecraft:lodestone":1,"minecraft:oak_sapling":11,"minecraft:dark_oak_fence":5,"minecraft:coal":25},"minecraft:killed_by":{"minecraft:spider":1,"minecraft:skeleton":1,"minecraft:zombie":1,"mokels_adventure:vyde":2},"minecraft:crafted":{"minecraft:oak_planks":184,"minecraft:furnace":1,"minecraft:dark_oak_door":3,"minecraft:dark_oak_fence":9,"minecraft:chest":19,"minecraft:dark_oak_planks":552,"minecraft:wheat":18,"minecraft:wooden_shovel":1,"minecraft:crafting_table":1,"minecraft:stone_axe":1,"minecraft:bread":15,"minecraft:wooden_hoe":2,"minecraft:stick":56,"minecraft:oak_stairs":8,"minecraft:wooden_axe":1,"minecraft:torch":140},"minecraft:mined":{"minecraft:dark_oak_planks":28,"minecraft:dark_prismarine":1,"minecraft:tuff":1,"minecraft:spruce_planks":1,"minecraft:white_bed":6,"minecraft:sea_lantern":1,"minecraft:spruce_trapdoor":1,"gravestone:gravestone":4,"minecraft:dark_oak_fence":6,"minecraft:spruce_fence":7,"minecraft:grass_block":204,"minecraft:redstone_wire":1,"minecraft:spawner":4,"minecraft:carrots":5,"minecraft:barrel":1,"minecraft:iron_ore":2,"treechop:chopped_log":31,"minecraft:bookshelf":18,"minecraft:oak_stairs":1,"minecraft:iron_bars":1,"minecraft:lantern":2,"minecraft:stone":35,"uniquedungeons:climbing_rope":2,"minecraft:spruce_slab":1,"uniquedungeons:climbing_hook":1,"minecraft:smoker":1,"minecraft:dandelion":1,"minecraft:crafting_table":1,"minecraft:torch":29,"minecraft:chest":1,"minecraft:tall_grass":20,"minecraft:copper_ore":5,"minecraft:grindstone":1,"minecraft:oak_planks":9,"minecraft:sugar_cane":25,"minecraft:wall_torch":22,"minecraft:spruce_stairs":2,"minecraft:dark_oak_door":1,"minecraft:wheat":35,"minecraft:lilac":1,"minecraft:white_carpet":1,"minecraft:grass":70,"minecraft:coal_ore":25,"minecraft:gravel":1,"minecraft:dirt":36,"minecraft:lodestone":1,"minecraft:cobweb":4,"minecraft:zombie_wall_head":1,"minecraft:stonecutter":1,"minecraft:stone_bricks":4,"minecraft:oak_leaves":2},"minecraft:used":{"minecraft:iron_bars":1,"minecraft:stone_sword":84,"minecraft:iron_shovel":142,"minecraft:armor_stand":4,"minecraft:redstone":1,"minecraft:chest":21,"minecraft:wooden_shovel":61,"minecraft:torch":107,"minecraft:dirt":197,"minecraft:skeleton_spawn_egg":1,"easy_npc:humanoid_slim_spawn_egg":3,"minecraft:carrot":33,"minecraft:diamond_helmet":1,"minecraft:tuff":1,"biomesoplenty:maple_sapling":4,"minecraft:wooden_axe":59,"minecraft:dark_oak_planks":203,"minecraft:sea_lantern":3,"minecraft:quartz_pillar":18,"minecraft:oak_stairs":7,"minecraft:lantern":3,"minecraft:grass_block":40,"minecraft:quartz_block":234,"minecraft:tadpole_bucket":2,"minecraft:repeater":1,"minecraft:bow":2,"minecraft:oak_sapling":10,"minecraft:furnace":1,"minecraft:beetroot_seeds":2,"minecraft:quartz_bricks":44,"minecraft:wheat_seeds":64,"minecraft:water_bucket":4,"minecraft:leather_leggings":1,"minecraft:stone_pickaxe":67,"minecraft:oak_planks":92,"minecraft:leather_chestplate":1,"minecraft:spruce_sign":1,"minecraft:stonecutter":1,"minecraft:sugar_cane":34,"minecraft:smooth_quartz_stairs":134,"minecraft:crafting_table":2,"minecraft:white_bed":6,"biomesoplenty:orange_autumn_sapling":49,"minecraft:smoker":1,"minecraft:dark_oak_door":4,"minecraft:wooden_hoe":59,"minecraft:apple":1,"minecraft:zombie_head":1,"minecraft:bread":56,"minecraft:iron_pickaxe":26,"minecraft:leather_helmet":1,"minecraft:spruce_sapling":1,"minecraft:lilac":2,"minecraft:stone_axe":217,"minecraft:cobblestone":24,"minecraft:grindstone":1,"minecraft:dark_oak_fence":9,"minecraft:bucket":4,"alexsmobs:animal_dictionary":3,"minecraft:dandelion":4}},"DataVersion":3465}