{"stats":{"minecraft:killed":{"minecraft:tadpole":2,"minecraft:skeleton":6,"minecraft:wandering_trader":2,"illusion_onslaught:spirit":2,"minecraft:sheep":6,"minecraft:trader_llama":4},"minecraft:custom":{"minecraft:mob_kills":12,"minecraft:interact_with_crafting_table":20,"minecraft:open_barrel":4,"minecraft:bell_ring":1,"minecraft:leave_game":11,"minecraft:time_since_death":28063,"minecraft:climb_one_cm":6792,"minecraft:sprint_one_cm":640858,"minecraft:walk_one_cm":782185,"minecraft:drop":300,"minecraft:talked_to_villager":2,"minecraft:play_time":357872,"minecraft:deaths":5,"minecraft:sneak_time":5399,"minecraft:walk_under_water_one_cm":31651,"minecraft:jump":2328,"minecraft:walk_on_water_one_cm":47642,"minecraft:total_world_time":357872,"minecraft:interact_with_furnace":7,"minecraft:sleep_in_bed":1,"minecraft:time_since_rest":28091,"minecraft:damage_taken":2533,"minecraft:damage_dealt":1749,"minecraft:swim_one_cm":41986,"minecraft:fly_one_cm":470089,"minecraft:open_chest":163,"minecraft:crouch_one_cm":14530,"minecraft:fall_one_cm":48537,"minecraft:inspect_dispenser":2},"minecraft:dropped":{"minecraft:wheat_seeds":11,"minecraft:tadpole_bucket":1,"biomesoplenty:maple_sapling":1,"minecraft:cobblestone":3,"minecraft:leather":1,"minecraft:emerald":2,"minecraft:dirt":57,"minecraft:torch":1,"minecraft:mutton":2,"gravestone:obituary":9,"spartanshields:dark_steel_riot_basic_shield":1,"minecraft:iron_pickaxe":1,"minecraft:string":1,"minecraft:dark_oak_planks":217,"minecraft:bucket":1,"minecraft:spruce_sapling":3,"minecraft:dark_oak_door":1,"minecraft:stone_axe":1,"minecraft:sugar_cane":2,"minecraft:stone_sword":13,"minecraft:oak_planks":62,"biomesoplenty:orange_autumn_sapling":29,"minecraft:glass_pane":1,"minecraft:poppy":1,"minecraft:hay_block":2,"minecraft:diamond_pickaxe":1,"minecraft:oak_sapling":1,"minecraft:spider_eye":1,"spartanweaponry:copper_flanged_mace":1,"minecraft:bow":1,"minecraft:stone_pickaxe":1,"uniquedungeons:climbing_hook_item":5},"minecraft:broken":{"minecraft:wooden_shovel":1,"minecraft:stone_axe":1,"minecraft:wooden_axe":1,"minecraft:wooden_hoe":1},"minecraft:picked_up":{"minecraft:iron_chestplate":1,"minecraft:crafting_table":1,"minecraft:wheat":17,"minecraft:leather_leggings":1,"minecraft:lead":2,"biomesoplenty:orange_autumn_sapling":76,"gravestone:obituary":2,"minecraft:string":1,"minecraft:raw_copper":14,"minecraft:iron_leggings":1,"minecraft:armor_stand":4,"minecraft:zombie_head":3,"minecraft:glass_pane":1,"minecraft:beetroot":1,"minecraft:bucket":1,"improvableskills:scroll_normal":1,"minecraft:poppy":1,"minecraft:sugar_cane":6,"minecraft:iron_boots":1,"minecraft:dark_oak_door":1,"minecraft:raw_iron":1,"minecraft:stick":55,"minecraft:torch":39,"illusion_onslaught:spirit_dust":1,"minecraft:carrot":14,"minecraft:redstone":1,"minecraft:dark_oak_planks":18,"minecraft:stone_sword":1,"minecraft:arrow":3,"minecraft:rotten_flesh":2,"minecraft:beetroot_seeds":2,"minecraft:hay_block":4,"minecraft:mutton":2,"minecraft:white_wool":3,"minecraft:cobblestone":40,"minecraft:leather_chestplate":1,"minecraft:repeater":1,"minecraft:lilac":3,"minecraft:leather":3,"minecraft:potato":1,"uniquedungeons:climbing_hook_item":1,"minecraft:oak_log":35,"minecraft:dirt":258,"minecraft:leather_boots":1,"minecraft:bone":2,"minecraft:apple":7,"minecraft:bow":2,"minecraft:wheat_seeds":71,"minecraft:stone_pickaxe":1,"minecraft:oak_planks":50,"minecraft:book":27,"minecraft:dandelion":3,"minecraft:spruce_sapling":13,"minecraft:white_bed":2,"minecraft:dark_oak_log":153,"minecraft:spider_eye":1,"minecraft:dark_prismarine":1,"minecraft:skeleton_spawn_egg":1,"biomesoplenty:maple_sapling":5,"minecraft:stone_axe":1,"minecraft:iron_helmet":1,"minecraft:crossbow":1,"minecraft:emerald":4,"minecraft:oak_sapling":4,"minecraft:dark_oak_fence":5,"minecraft:coal":25},"minecraft:killed_by":{"minecraft:spider":1,"minecraft:skeleton":1,"minecraft:zombie":1,"mokels_adventure:vyde":2},"minecraft:crafted":{"minecraft:oak_planks":140,"minecraft:furnace":1,"minecraft:dark_oak_door":3,"minecraft:dark_oak_fence":9,"minecraft:chest":15,"minecraft:dark_oak_planks":532,"minecraft:wooden_shovel":1,"minecraft:crafting_table":1,"minecraft:stone_axe":1,"minecraft:wooden_hoe":1,"minecraft:stick":16,"minecraft:wooden_axe":1,"minecraft:torch":40},"minecraft:mined":{"minecraft:dark_oak_planks":25,"minecraft:dark_prismarine":1,"minecraft:white_bed":2,"gravestone:gravestone":4,"minecraft:dark_oak_fence":6,"minecraft:grass_block":204,"minecraft:redstone_wire":1,"minecraft:carrots":5,"minecraft:iron_ore":2,"treechop:chopped_log":28,"minecraft:bookshelf":9,"minecraft:stone":30,"uniquedungeons:climbing_rope":2,"uniquedungeons:climbing_hook":1,"minecraft:dandelion":1,"minecraft:crafting_table":1,"minecraft:torch":22,"minecraft:tall_grass":19,"minecraft:copper_ore":5,"minecraft:oak_planks":8,"minecraft:sugar_cane":6,"minecraft:wall_torch":18,"minecraft:dark_oak_door":1,"minecraft:wheat":14,"minecraft:lilac":1,"minecraft:white_carpet":1,"minecraft:grass":67,"minecraft:coal_ore":25,"minecraft:gravel":1,"minecraft:dirt":36,"minecraft:cobweb":4,"minecraft:zombie_wall_head":1,"minecraft:oak_leaves":2},"minecraft:used":{"minecraft:stone_sword":58,"minecraft:iron_shovel":142,"minecraft:armor_stand":4,"minecraft:redstone":1,"minecraft:chest":16,"minecraft:wooden_shovel":61,"minecraft:torch":77,"minecraft:dirt":196,"easy_npc:humanoid_slim_spawn_egg":3,"minecraft:carrot":18,"minecraft:diamond_helmet":1,"biomesoplenty:maple_sapling":4,"minecraft:wooden_axe":59,"minecraft:dark_oak_planks":203,"minecraft:sea_lantern":3,"minecraft:quartz_pillar":18,"minecraft:grass_block":40,"minecraft:quartz_block":234,"minecraft:tadpole_bucket":1,"minecraft:repeater":1,"minecraft:bow":1,"minecraft:oak_sapling":3,"minecraft:furnace":1,"minecraft:quartz_bricks":44,"minecraft:wheat_seeds":8,"minecraft:water_bucket":4,"minecraft:leather_leggings":1,"minecraft:stone_pickaxe":67,"minecraft:oak_planks":85,"minecraft:leather_chestplate":1,"minecraft:sugar_cane":4,"minecraft:smooth_quartz_stairs":134,"minecraft:crafting_table":2,"biomesoplenty:orange_autumn_sapling":47,"minecraft:dark_oak_door":3,"minecraft:wooden_hoe":59,"minecraft:zombie_head":1,"minecraft:bread":38,"minecraft:iron_pickaxe":4,"minecraft:leather_helmet":1,"minecraft:lilac":2,"minecraft:stone_axe":165,"minecraft:cobblestone":15,"minecraft:dark_oak_fence":9,"minecraft:bucket":4,"alexsmobs:animal_dictionary":3,"minecraft:dandelion":1}},"DataVersion":3465}