{"stats":{"minecraft:killed":{"minecraft:tadpole":2,"minecraft:skeleton":2,"minecraft:wandering_trader":2,"minecraft:sheep":6,"minecraft:trader_llama":4},"minecraft:custom":{"minecraft:mob_kills":9,"minecraft:interact_with_crafting_table":19,"minecraft:open_barrel":4,"minecraft:bell_ring":1,"minecraft:leave_game":11,"minecraft:time_since_death":4063,"minecraft:climb_one_cm":6792,"minecraft:sprint_one_cm":560057,"minecraft:walk_one_cm":698522,"minecraft:drop":299,"minecraft:talked_to_villager":2,"minecraft:play_time":333872,"minecraft:deaths":5,"minecraft:sneak_time":4791,"minecraft:walk_under_water_one_cm":31651,"minecraft:jump":2115,"minecraft:walk_on_water_one_cm":46784,"minecraft:total_world_time":333872,"minecraft:interact_with_furnace":3,"minecraft:sleep_in_bed":1,"minecraft:time_since_rest":4091,"minecraft:damage_taken":2062,"minecraft:damage_dealt":1083,"minecraft:swim_one_cm":41986,"minecraft:fly_one_cm":426927,"minecraft:open_chest":150,"minecraft:crouch_one_cm":12115,"minecraft:fall_one_cm":45024},"minecraft:dropped":{"minecraft:wheat_seeds":11,"minecraft:tadpole_bucket":1,"biomesoplenty:maple_sapling":1,"minecraft:cobblestone":3,"minecraft:leather":1,"minecraft:emerald":2,"minecraft:dirt":57,"minecraft:torch":1,"minecraft:mutton":2,"gravestone:obituary":9,"spartanshields:dark_steel_riot_basic_shield":1,"minecraft:iron_pickaxe":1,"minecraft:string":1,"minecraft:dark_oak_planks":217,"minecraft:bucket":1,"minecraft:spruce_sapling":3,"minecraft:dark_oak_door":1,"minecraft:stone_axe":1,"minecraft:sugar_cane":2,"minecraft:stone_sword":13,"minecraft:oak_planks":62,"biomesoplenty:orange_autumn_sapling":29,"minecraft:glass_pane":1,"minecraft:poppy":1,"minecraft:diamond_pickaxe":1,"minecraft:oak_sapling":1,"minecraft:spider_eye":1,"spartanweaponry:copper_flanged_mace":1,"minecraft:bow":1,"minecraft:stone_pickaxe":1,"uniquedungeons:climbing_hook_item":5},"minecraft:broken":{"minecraft:wooden_shovel":1,"minecraft:stone_axe":1,"minecraft:wooden_axe":1,"minecraft:wooden_hoe":1},"minecraft:picked_up":{"minecraft:iron_chestplate":1,"minecraft:crafting_table":1,"minecraft:wheat":3,"minecraft:leather_leggings":1,"minecraft:lead":2,"biomesoplenty:orange_autumn_sapling":76,"gravestone:obituary":2,"minecraft:string":1,"minecraft:raw_copper":14,"minecraft:iron_leggings":1,"minecraft:armor_stand":4,"minecraft:zombie_head":3,"minecraft:glass_pane":1,"minecraft:bucket":1,"minecraft:poppy":1,"minecraft:sugar_cane":6,"minecraft:iron_boots":1,"minecraft:dark_oak_door":1,"minecraft:stick":55,"minecraft:torch":29,"minecraft:carrot":1,"minecraft:redstone":1,"minecraft:dark_oak_planks":18,"minecraft:stone_sword":1,"minecraft:rotten_flesh":2,"minecraft:mutton":2,"minecraft:white_wool":3,"minecraft:cobblestone":12,"minecraft:leather_chestplate":1,"minecraft:repeater":1,"minecraft:lilac":3,"minecraft:leather":3,"uniquedungeons:climbing_hook_item":1,"minecraft:oak_log":35,"minecraft:dirt":258,"minecraft:leather_boots":1,"minecraft:apple":7,"minecraft:bow":2,"minecraft:wheat_seeds":34,"minecraft:stone_pickaxe":1,"minecraft:oak_planks":50,"minecraft:book":27,"minecraft:dandelion":1,"minecraft:spruce_sapling":13,"minecraft:dark_oak_log":153,"minecraft:spider_eye":1,"minecraft:dark_prismarine":1,"biomesoplenty:maple_sapling":5,"minecraft:stone_axe":1,"minecraft:iron_helmet":1,"minecraft:emerald":4,"minecraft:oak_sapling":4,"minecraft:dark_oak_fence":5,"minecraft:coal":10},"minecraft:killed_by":{"minecraft:spider":1,"minecraft:skeleton":1,"minecraft:zombie":1,"mokels_adventure:vyde":2},"minecraft:crafted":{"minecraft:oak_planks":140,"minecraft:furnace":1,"minecraft:dark_oak_door":3,"minecraft:dark_oak_fence":9,"minecraft:chest":13,"minecraft:dark_oak_planks":512,"minecraft:wooden_shovel":1,"minecraft:crafting_table":1,"minecraft:stone_axe":1,"minecraft:wooden_hoe":1,"minecraft:stick":16,"minecraft:wooden_axe":1,"minecraft:torch":40},"minecraft:mined":{"minecraft:dark_oak_planks":25,"minecraft:dark_prismarine":1,"gravestone:gravestone":4,"minecraft:dark_oak_fence":6,"minecraft:grass_block":204,"minecraft:redstone_wire":1,"treechop:chopped_log":28,"minecraft:bookshelf":9,"minecraft:stone":10,"uniquedungeons:climbing_rope":2,"uniquedungeons:climbing_hook":1,"minecraft:dandelion":1,"minecraft:crafting_table":1,"minecraft:torch":17,"minecraft:tall_grass":12,"minecraft:copper_ore":5,"minecraft:oak_planks":8,"minecraft:sugar_cane":6,"minecraft:wall_torch":13,"minecraft:dark_oak_door":1,"minecraft:wheat":1,"minecraft:lilac":1,"minecraft:white_carpet":1,"minecraft:grass":63,"minecraft:coal_ore":10,"minecraft:gravel":1,"minecraft:dirt":36,"minecraft:cobweb":4,"minecraft:zombie_wall_head":1,"minecraft:oak_leaves":2},"minecraft:used":{"minecraft:stone_sword":38,"minecraft:iron_shovel":142,"minecraft:armor_stand":4,"minecraft:redstone":1,"minecraft:chest":14,"minecraft:wooden_shovel":61,"minecraft:torch":58,"minecraft:dirt":196,"easy_npc:humanoid_slim_spawn_egg":3,"minecraft:carrot":6,"minecraft:diamond_helmet":1,"biomesoplenty:maple_sapling":4,"minecraft:wooden_axe":59,"minecraft:dark_oak_planks":203,"minecraft:sea_lantern":3,"minecraft:quartz_pillar":18,"minecraft:grass_block":40,"minecraft:quartz_block":234,"minecraft:tadpole_bucket":1,"minecraft:repeater":1,"minecraft:bow":1,"minecraft:oak_sapling":3,"minecraft:furnace":1,"minecraft:quartz_bricks":44,"minecraft:wheat_seeds":3,"minecraft:water_bucket":4,"minecraft:leather_leggings":1,"minecraft:stone_pickaxe":29,"minecraft:oak_planks":85,"minecraft:leather_chestplate":1,"minecraft:sugar_cane":4,"minecraft:smooth_quartz_stairs":134,"minecraft:crafting_table":2,"biomesoplenty:orange_autumn_sapling":47,"minecraft:dark_oak_door":3,"minecraft:wooden_hoe":59,"minecraft:zombie_head":1,"minecraft:bread":30,"minecraft:iron_pickaxe":4,"minecraft:leather_helmet":1,"minecraft:stone_axe":165,"minecraft:cobblestone":1,"minecraft:dark_oak_fence":9,"minecraft:bucket":4,"alexsmobs:animal_dictionary":3,"minecraft:dandelion":1}},"DataVersion":3465}