{"stats":{"minecraft:killed":{"minecraft:vindicator":2,"minecraft:tadpole":2,"minecraft:skeleton":20,"xp_jellies:titanexperiencejellyfish":2,"minecraft:wandering_trader":2,"illusion_onslaught:spirit":2,"minecraft:sheep":6,"minecraft:trader_llama":4,"minecraft:pillager":6,"minecraft:zombie":6},"minecraft:custom":{"minecraft:mob_kills":29,"minecraft:interact_with_crafting_table":27,"minecraft:open_barrel":17,"minecraft:bell_ring":1,"minecraft:eat_cake_slice":9,"minecraft:leave_game":12,"minecraft:time_since_death":5076,"minecraft:climb_one_cm":20241,"minecraft:sprint_one_cm":984749,"minecraft:walk_one_cm":1372637,"minecraft:damage_blocked_by_shield":1526,"minecraft:drop":389,"minecraft:talked_to_villager":2,"minecraft:play_time":499456,"minecraft:deaths":10,"minecraft:sneak_time":9733,"minecraft:walk_under_water_one_cm":67214,"minecraft:interact_with_lectern":1,"minecraft:jump":4144,"minecraft:interact_with_blast_furnace":3,"minecraft:walk_on_water_one_cm":83174,"minecraft:total_world_time":499456,"minecraft:interact_with_furnace":7,"spartanshields:shield_bash_hits":2,"minecraft:sleep_in_bed":2,"minecraft:time_since_rest":5106,"minecraft:damage_taken":7545,"minecraft:damage_dealt":6207,"minecraft:swim_one_cm":54519,"minecraft:fly_one_cm":712392,"minecraft:open_chest":255,"minecraft:crouch_one_cm":29609,"minecraft:fall_one_cm":80967,"minecraft:inspect_dispenser":2},"minecraft:dropped":{"minecraft:bread":12,"minecraft:spruce_sign":1,"minecraft:wheat_seeds":47,"minecraft:tadpole_bucket":1,"biomesoplenty:maple_sapling":1,"minecraft:cobblestone":3,"minecraft:leather":1,"minecraft:spruce_stairs":1,"minecraft:tropical_fish":2,"minecraft:emerald":2,"minecraft:stick":1,"minecraft:dirt":57,"minecraft:wooden_hoe":1,"minecraft:torch":1,"minecraft:mutton":2,"gravestone:obituary":24,"minecraft:iron_leggings":1,"spartanshields:dark_steel_riot_basic_shield":1,"minecraft:oak_stairs":1,"minecraft:iron_pickaxe":1,"minecraft:string":1,"minecraft:dark_oak_planks":217,"minecraft:bucket":1,"minecraft:spruce_sapling":3,"minecraft:dandelion":2,"minecraft:stone_axe":1,"minecraft:dark_oak_door":1,"minecraft:sugar_cane":2,"minecraft:stone_sword":13,"minecraft:wheat":2,"minecraft:beetroot":1,"minecraft:rotten_flesh":1,"minecraft:oak_planks":62,"biomesoplenty:orange_autumn_sapling":29,"minecraft:mangrove_sign":1,"minecraft:glass_pane":1,"minecraft:warped_door":2,"minecraft:poppy":1,"minecraft:potato":1,"minecraft:hay_block":2,"minecraft:shield":1,"minecraft:flower_pot":2,"minecraft:diamond_chestplate":1,"minecraft:spruce_trapdoor":2,"minecraft:diamond_pickaxe":1,"minecraft:azalea":3,"minecraft:oak_sapling":1,"minecraft:spider_eye":1,"spartanweaponry:copper_flanged_mace":1,"minecraft:spruce_slab":8,"minecraft:arrow":13,"minecraft:bow":1,"minecraft:stone_pickaxe":1,"uniquedungeons:climbing_hook_item":5},"minecraft:broken":{"minecraft:wooden_shovel":1,"minecraft:stone_sword":1,"minecraft:stone_axe":2,"minecraft:wooden_axe":1,"minecraft:wooden_hoe":1},"minecraft:picked_up":{"minecraft:iron_chestplate":1,"minecraft:crafting_table":1,"minecraft:wheat":34,"minecraft:chicken":1,"minecraft:flower_pot":2,"minecraft:leather_leggings":1,"minecraft:lead":2,"minecraft:smithing_table":1,"minecraft:stone_slab":1,"biomesoplenty:orange_autumn_sapling":78,"gravestone:obituary":12,"minecraft:string":1,"minecraft:raw_copper":14,"minecraft:iron_leggings":2,"minecraft:armor_stand":6,"minecraft:zombie_head":3,"dungeonnowloading:spawner_fragment":36,"minecraft:glass_pane":1,"minecraft:beetroot":1,"minecraft:bucket":1,"improvableskills:scroll_normal":1,"minecraft:redstone_torch":1,"minecraft:azalea":3,"minecraft:poppy":1,"minecraft:spruce_slab":9,"minecraft:sugar_cane":36,"minecraft:chest":1,"minecraft:spruce_trapdoor":2,"minecraft:iron_boots":1,"minecraft:dark_oak_door":3,"minecraft:stick":58,"minecraft:raw_iron":26,"minecraft:torch":68,"minecraft:spruce_stairs":1,"minecraft:spruce_fence":8,"illusion_onslaught:spirit_dust":1,"minecraft:pointed_dripstone":8,"minecraft:mangrove_sign":1,"minecraft:diorite":1,"minecraft:carrot":21,"minecraft:redstone":18,"minecraft:prismarine_crystals":2,"minecraft:warped_door":2,"minecraft:dark_oak_planks":21,"minecraft:stone_sword":1,"minecraft:arrow":17,"minecraft:rotten_flesh":3,"minecraft:beetroot_seeds":2,"minecraft:hay_block":4,"minecraft:mutton":2,"minecraft:iron_bars":1,"forbidden_arcanus:spawner_scrap":5,"minecraft:white_wool":3,"minecraft:cobblestone":67,"minecraft:leather_chestplate":3,"minecraft:lilac":3,"minecraft:repeater":1,"minecraft:andesite":2,"minecraft:leather":3,"minecraft:smoker":1,"minecraft:potato":1,"uniquedungeons:climbing_hook_item":1,"minecraft:tuff":1,"minecraft:oak_log":46,"minecraft:lapis_lazuli":8,"minecraft:dirt":279,"minecraft:lantern":3,"minecraft:leather_boots":1,"minecraft:bone":9,"minecraft:apple":8,"minecraft:stone_bricks":3,"minecraft:bow":2,"minecraft:stonecutter":1,"minecraft:wheat_seeds":126,"minecraft:stone_pickaxe":1,"minecraft:grindstone":1,"spartanweaponry:iron_dagger":2,"minecraft:oak_planks":51,"minecraft:book":54,"xp_jellies:jellycore":1,"minecraft:dandelion":6,"minecraft:gravel":1,"minecraft:spruce_sapling":14,"minecraft:white_bed":6,"minecraft:dark_oak_log":162,"minecraft:spider_eye":1,"minecraft:dark_prismarine":1,"minecraft:skeleton_spawn_egg":1,"biomesoplenty:maple_sapling":5,"minecraft:diamond":1,"minecraft:stone_axe":1,"minecraft:iron_helmet":1,"minecraft:granite":1,"minecraft:crossbow":2,"minecraft:spruce_sign":2,"minecraft:emerald":7,"minecraft:lodestone":1,"minecraft:oak_sapling":11,"minecraft:dark_oak_fence":5,"minecraft:coal":75},"minecraft:killed_by":{"minecraft:spider":1,"minecraft:skeleton":1,"minecraft:zombie":1,"mokels_adventure:vyde":2},"minecraft:crafted":{"minecraft:oak_planks":184,"minecraft:furnace":1,"minecraft:dark_oak_door":3,"minecraft:dark_oak_fence":9,"minecraft:chest":19,"minecraft:dark_oak_planks":568,"minecraft:wheat":18,"minecraft:wooden_shovel":1,"minecraft:crafting_table":2,"minecraft:stone_axe":1,"minecraft:bread":15,"minecraft:wooden_hoe":2,"minecraft:shield":2,"minecraft:stick":56,"minecraft:wooden_axe":1,"minecraft:oak_stairs":8,"minecraft:torch":140},"minecraft:mined":{"minecraft:dark_oak_planks":31,"minecraft:dark_prismarine":1,"minecraft:tuff":1,"minecraft:spruce_planks":1,"minecraft:white_bed":6,"minecraft:mossy_cobblestone":2,"minecraft:deepslate_diamond_ore":1,"minecraft:dark_oak_log":4,"minecraft:sea_lantern":1,"minecraft:spruce_trapdoor":1,"gravestone:gravestone":7,"minecraft:dark_oak_fence":6,"minecraft:spruce_fence":7,"minecraft:grass_block":206,"minecraft:redstone_wire":1,"minecraft:spawner":4,"minecraft:carrots":7,"minecraft:iron_ore":28,"minecraft:barrel":1,"minecraft:andesite":4,"treechop:chopped_log":31,"minecraft:bookshelf":18,"minecraft:pointed_dripstone":3,"minecraft:deepslate_iron_ore":2,"minecraft:oak_stairs":1,"minecraft:iron_bars":1,"minecraft:lantern":2,"minecraft:azalea_leaves":1,"minecraft:stone":54,"uniquedungeons:climbing_rope":2,"minecraft:spruce_slab":1,"minecraft:smithing_table":2,"minecraft:deepslate_redstone_ore":4,"uniquedungeons:climbing_hook":1,"minecraft:smoker":1,"minecraft:dandelion":1,"xp_jellies:expbulb":13,"minecraft:crafting_table":1,"minecraft:torch":36,"minecraft:chest":1,"minecraft:sculk_sensor":4,"minecraft:stone_slab":1,"minecraft:copper_ore":5,"minecraft:tall_grass":22,"minecraft:cobblestone":1,"minecraft:lapis_ore":1,"minecraft:grindstone":1,"minecraft:oak_planks":9,"minecraft:sugar_cane":25,"minecraft:sculk":2,"minecraft:diorite":1,"minecraft:wall_torch":34,"minecraft:spruce_stairs":2,"minecraft:black_stained_glass":2,"minecraft:dark_oak_door":1,"minecraft:redstone_torch":1,"minecraft:wheat":35,"minecraft:lilac":1,"minecraft:white_carpet":1,"minecraft:grass":81,"minecraft:coal_ore":75,"minecraft:gravel":2,"minecraft:dirt":38,"minecraft:lodestone":1,"minecraft:cobweb":4,"minecraft:zombie_wall_head":1,"minecraft:stonecutter":1,"minecraft:stone_bricks":4,"minecraft:oak_leaves":2},"minecraft:used":{"minecraft:iron_bars":1,"minecraft:stone_sword":134,"minecraft:iron_shovel":142,"minecraft:armor_stand":5,"minecraft:redstone":1,"minecraft:chest":21,"minecraft:shield":18,"minecraft:wooden_shovel":61,"minecraft:torch":208,"minecraft:dirt":217,"minecraft:skeleton_spawn_egg":1,"easy_npc:humanoid_slim_spawn_egg":3,"minecraft:carrot":38,"minecraft:diamond_helmet":1,"minecraft:tuff":1,"minecraft:granite":1,"biomesoplenty:maple_sapling":4,"minecraft:wooden_axe":59,"minecraft:dark_oak_planks":206,"minecraft:sea_lantern":3,"minecraft:quartz_pillar":18,"minecraft:grass_block":40,"minecraft:lantern":3,"minecraft:oak_stairs":7,"minecraft:quartz_block":234,"minecraft:tadpole_bucket":2,"minecraft:repeater":1,"minecraft:bow":6,"minecraft:furnace":1,"minecraft:oak_sapling":10,"minecraft:beetroot_seeds":2,"minecraft:quartz_bricks":44,"minecraft:wheat_seeds":64,"minecraft:diorite":1,"minecraft:water_bucket":18,"minecraft:leather_leggings":1,"minecraft:stone_pickaxe":67,"minecraft:oak_planks":92,"minecraft:leather_chestplate":2,"minecraft:spruce_sign":1,"minecraft:stonecutter":1,"minecraft:sugar_cane":34,"minecraft:smooth_quartz_stairs":134,"minecraft:crafting_table":3,"minecraft:white_bed":6,"biomesoplenty:orange_autumn_sapling":49,"minecraft:smoker":1,"minecraft:dark_oak_door":5,"minecraft:redstone_torch":1,"minecraft:wooden_hoe":59,"minecraft:apple":1,"minecraft:zombie_head":1,"minecraft:bread":98,"minecraft:iron_pickaxe":153,"minecraft:leather_helmet":1,"minecraft:stone_slab":1,"minecraft:spruce_sapling":1,"minecraft:lilac":2,"minecraft:stone_axe":251,"minecraft:cobblestone":33,"minecraft:grindstone":1,"minecraft:dark_oak_fence":9,"minecraft:bucket":19,"minecraft:smithing_table":1,"minecraft:andesite":2,"alexsmobs:animal_dictionary":3,"minecraft:air":1,"minecraft:dandelion":4}},"DataVersion":3465}