{"stats":{"minecraft:killed":{"minecraft:witch":2,"minecraft:spider":2,"minecraft:tadpole":2,"minecraft:skeleton":22,"xp_jellies:titanexperiencejellyfish":4,"illusion_onslaught:spirit":2,"minecraft:sheep":6,"minecraft:trader_llama":4,"minecraft:pillager":6,"minecraft:zombie":12,"minecraft:vindicator":2,"minecraft:wandering_trader":2},"minecraft:custom":{"minecraft:interact_with_crafting_table":31,"minecraft:open_barrel":18,"minecraft:bell_ring":1,"minecraft:eat_cake_slice":9,"minecraft:leave_game":12,"minecraft:time_since_death":49179,"minecraft:sprint_one_cm":1154271,"minecraft:damage_blocked_by_shield":2216,"minecraft:drop":429,"minecraft:talked_to_villager":2,"minecraft:play_time":559456,"minecraft:deaths":12,"minecraft:jump":5005,"minecraft:walk_on_water_one_cm":120285,"minecraft:interact_with_furnace":16,"minecraft:sleep_in_bed":2,"minecraft:damage_dealt":7579,"minecraft:crouch_one_cm":35319,"minecraft:inspect_dispenser":2,"minecraft:mob_kills":36,"minecraft:climb_one_cm":20241,"minecraft:walk_one_cm":1587762,"minecraft:sneak_time":12649,"minecraft:walk_under_water_one_cm":79871,"minecraft:interact_with_lectern":1,"minecraft:interact_with_blast_furnace":3,"minecraft:total_world_time":559456,"spartanshields:shield_bash_hits":3,"minecraft:time_since_rest":49222,"minecraft:damage_taken":9386,"minecraft:swim_one_cm":55368,"minecraft:fly_one_cm":809402,"minecraft:open_chest":304,"minecraft:fall_one_cm":93822},"minecraft:dropped":{"minecraft:spruce_sign":1,"minecraft:leather":1,"spartanweaponry:wooden_longbow":1,"minecraft:emerald":2,"minecraft:dirt":57,"minecraft:mutton":2,"gravestone:obituary":26,"minecraft:iron_pickaxe":1,"minecraft:dark_oak_planks":217,"minecraft:gravel":1,"minecraft:dark_oak_door":1,"minecraft:stone_axe":1,"minecraft:sugar_cane":2,"minecraft:wheat":2,"minecraft:beetroot":1,"minecraft:rotten_flesh":4,"minecraft:oak_planks":62,"biomesoplenty:orange_autumn_sapling":29,"minecraft:mangrove_sign":1,"minecraft:poppy":1,"minecraft:leather_chestplate":1,"minecraft:azalea":3,"minecraft:spruce_slab":8,"minecraft:arrow":14,"uniquedungeons:climbing_hook_item":5,"minecraft:water_bucket":1,"minecraft:bread":12,"minecraft:wheat_seeds":48,"minecraft:tadpole_bucket":1,"biomesoplenty:maple_sapling":1,"minecraft:cobblestone":3,"minecraft:granite":17,"minecraft:tropical_fish":2,"minecraft:spruce_stairs":1,"minecraft:stick":1,"minecraft:torch":1,"minecraft:wooden_hoe":1,"minecraft:iron_leggings":1,"minecraft:oak_stairs":1,"spartanshields:dark_steel_riot_basic_shield":1,"minecraft:string":1,"minecraft:bucket":1,"minecraft:spruce_sapling":3,"minecraft:dandelion":2,"minecraft:stone_sword":13,"minecraft:warped_door":2,"minecraft:glass_pane":1,"minecraft:potato":1,"minecraft:hay_block":2,"minecraft:shield":1,"minecraft:flower_pot":2,"minecraft:diamond_chestplate":1,"minecraft:spruce_trapdoor":2,"minecraft:diamond_pickaxe":1,"minecraft:andesite":10,"minecraft:oak_sapling":1,"minecraft:spider_eye":2,"spartanweaponry:copper_flanged_mace":1,"minecraft:bow":1,"minecraft:stone_pickaxe":2},"minecraft:broken":{"minecraft:wooden_shovel":1,"minecraft:stone_pickaxe":1,"minecraft:stone_axe":2,"minecraft:wooden_axe":1,"minecraft:stone_sword":1,"minecraft:iron_pickaxe":1,"minecraft:wooden_hoe":1},"minecraft:picked_up":{"minecraft:iron_chestplate":1,"minecraft:wheat":34,"minecraft:flower_pot":2,"minecraft:stone_slab":1,"minecraft:smithing_table":1,"minecraft:lead":2,"biomesoplenty:orange_autumn_sapling":78,"forbidden_arcanus:xpetrified_orb":9,"minecraft:string":1,"minecraft:raw_copper":14,"minecraft:iron_leggings":2,"minecraft:armor_stand":6,"minecraft:zombie_head":3,"minecraft:beetroot":1,"minecraft:cobbled_deepslate":5,"minecraft:bucket":1,"minecraft:redstone_torch":1,"minecraft:azalea":3,"minecraft:iron_pickaxe":1,"spartanweaponry:iron_flanged_mace":1,"minecraft:iron_boots":1,"minecraft:dark_oak_door":3,"minecraft:stick":60,"minecraft:torch":68,"minecraft:spruce_stairs":1,"minecraft:pointed_dripstone":8,"minecraft:diorite":1,"minecraft:warped_door":2,"minecraft:stone_sword":1,"minecraft:rotten_flesh":6,"minecraft:iron_bars":1,"minecraft:cobblestone":126,"minecraft:leather_chestplate":3,"minecraft:repeater":1,"minecraft:lilac":3,"minecraft:andesite":45,"minecraft:smoker":1,"minecraft:potato":1,"uniquedungeons:climbing_hook_item":1,"minecraft:tuff":4,"minecraft:lapis_lazuli":16,"minecraft:dirt":280,"minecraft:lantern":3,"minecraft:leather_boots":1,"xp_jellies:jellyglob":2,"minecraft:bone":11,"minecraft:stonecutter":1,"minecraft:bow":2,"minecraft:wheat_seeds":127,"minecraft:grindstone":1,"minecraft:oak_planks":51,"xp_jellies:jellycore":1,"minecraft:sand":1,"minecraft:dark_oak_log":162,"minecraft:dark_prismarine":1,"minecraft:skeleton_spawn_egg":1,"minecraft:diamond":1,"minecraft:crossbow":2,"minecraft:granite":18,"minecraft:spruce_sign":2,"minecraft:emerald":7,"minecraft:oak_sapling":11,"minecraft:dark_oak_fence":5,"minecraft:crafting_table":1,"minecraft:chicken":1,"minecraft:leather_leggings":1,"gravestone:obituary":12,"dungeonnowloading:spawner_fragment":36,"minecraft:glass_pane":1,"improvableskills:scroll_normal":1,"minecraft:poppy":1,"minecraft:spruce_slab":9,"minecraft:sugar_cane":36,"minecraft:chest":1,"minecraft:spruce_trapdoor":2,"minecraft:raw_iron":58,"minecraft:spruce_fence":8,"illusion_onslaught:spirit_dust":1,"minecraft:mangrove_sign":1,"minecraft:carrot":21,"minecraft:redstone":18,"minecraft:prismarine_crystals":2,"minecraft:dark_oak_planks":21,"minecraft:arrow":19,"minecraft:beetroot_seeds":2,"minecraft:hay_block":4,"minecraft:mutton":2,"forbidden_arcanus:spawner_scrap":5,"minecraft:white_wool":3,"minecraft:leather":3,"minecraft:oak_log":46,"minecraft:apple":8,"minecraft:stone_bricks":3,"minecraft:stone_pickaxe":2,"spartanweaponry:iron_dagger":2,"minecraft:book":54,"endrem:witch_pupil":1,"minecraft:dandelion":6,"minecraft:gravel":1,"minecraft:spruce_sapling":14,"minecraft:white_bed":6,"minecraft:spider_eye":2,"forbidden_arcanus:arcane_crystal":3,"biomesoplenty:maple_sapling":5,"minecraft:stone_axe":1,"minecraft:iron_helmet":1,"minecraft:lodestone":1,"minecraft:coal":75},"minecraft:killed_by":{"minecraft:zombie":1,"minecraft:spider":1,"minecraft:skeleton":1,"mokels_adventure:vyde":2},"minecraft:crafted":{"minecraft:oak_planks":184,"xp_jellies:expjar":1,"minecraft:glass":1,"minecraft:dark_oak_door":3,"minecraft:chest":19,"minecraft:wooden_shovel":1,"minecraft:crafting_table":2,"minecraft:wooden_hoe":2,"minecraft:shield":2,"minecraft:stick":56,"minecraft:furnace":8,"minecraft:dark_oak_fence":9,"minecraft:dark_oak_planks":568,"minecraft:wheat":18,"minecraft:stone_axe":1,"minecraft:air":0,"minecraft:bread":15,"minecraft:oak_stairs":8,"minecraft:wooden_axe":1,"minecraft:torch":140},"minecraft:mined":{"minecraft:dark_oak_planks":31,"minecraft:spruce_planks":1,"minecraft:white_bed":6,"minecraft:spruce_trapdoor":1,"minecraft:granite":16,"minecraft:grass_block":207,"minecraft:spawner":4,"minecraft:iron_ore":48,"minecraft:barrel":1,"minecraft:deepslate_lapis_ore":4,"minecraft:pointed_dripstone":3,"minecraft:iron_bars":1,"minecraft:oak_stairs":1,"minecraft:azalea_leaves":1,"uniquedungeons:climbing_rope":2,"minecraft:spruce_slab":1,"minecraft:deepslate_redstone_ore":4,"minecraft:smoker":1,"xp_jellies:expbulb":13,"minecraft:torch":37,"minecraft:chest":1,"minecraft:cobblestone":2,"minecraft:grindstone":1,"minecraft:sugar_cane":25,"minecraft:oak_planks":9,"minecraft:wall_torch":34,"minecraft:dark_oak_door":1,"minecraft:wheat":35,"minecraft:lilac":1,"minecraft:grass":84,"minecraft:sand":1,"minecraft:dirt":42,"minecraft:zombie_wall_head":1,"minecraft:stonecutter":1,"minecraft:oak_leaves":2,"minecraft:deepslate":2,"minecraft:dark_prismarine":1,"minecraft:tuff":4,"minecraft:mossy_cobblestone":2,"minecraft:deepslate_diamond_ore":1,"minecraft:dark_oak_log":4,"minecraft:sea_lantern":1,"gravestone:gravestone":9,"minecraft:dark_oak_fence":6,"minecraft:spruce_fence":7,"minecraft:redstone_wire":1,"forbidden_arcanus:arcane_crystal_ore":2,"minecraft:carrots":7,"minecraft:andesite":47,"treechop:chopped_log":31,"minecraft:bookshelf":18,"minecraft:deepslate_iron_ore":13,"minecraft:lantern":2,"minecraft:stone":112,"minecraft:smithing_table":2,"uniquedungeons:climbing_hook":1,"minecraft:dandelion":1,"minecraft:crafting_table":1,"minecraft:sculk_sensor":4,"minecraft:stone_slab":1,"minecraft:tall_grass":22,"minecraft:copper_ore":5,"minecraft:lapis_ore":1,"minecraft:sculk":2,"minecraft:diorite":1,"minecraft:spruce_stairs":2,"minecraft:black_stained_glass":2,"forbidden_arcanus:xpetrified_ore":5,"minecraft:redstone_torch":1,"minecraft:white_carpet":1,"minecraft:coal_ore":76,"minecraft:gravel":3,"minecraft:lodestone":1,"minecraft:cobweb":4,"minecraft:stone_bricks":4},"minecraft:used":{"minecraft:iron_shovel":142,"minecraft:chest":22,"minecraft:shield":28,"minecraft:skeleton_spawn_egg":1,"minecraft:carrot":42,"minecraft:tuff":4,"minecraft:quartz_pillar":18,"minecraft:lantern":3,"minecraft:grass_block":40,"minecraft:quartz_block":234,"minecraft:repeater":1,"minecraft:bow":22,"minecraft:oak_sapling":10,"minecraft:furnace":8,"minecraft:beetroot_seeds":2,"minecraft:diorite":1,"minecraft:leather_leggings":1,"minecraft:stone_pickaxe":141,"minecraft:oak_planks":92,"minecraft:leather_chestplate":2,"minecraft:sugar_cane":34,"minecraft:smooth_quartz_stairs":134,"spartanweaponry:iron_flanged_mace":6,"minecraft:redstone_torch":1,"minecraft:zombie_head":1,"minecraft:bread":120,"minecraft:lilac":2,"minecraft:grindstone":1,"minecraft:smithing_table":1,"minecraft:dark_oak_fence":9,"minecraft:andesite":35,"minecraft:air":2,"minecraft:iron_bars":1,"minecraft:stone_sword":151,"minecraft:armor_stand":6,"minecraft:redstone":1,"minecraft:wooden_shovel":61,"minecraft:torch":287,"xp_jellies:expjar":1,"minecraft:dirt":218,"easy_npc:humanoid_slim_spawn_egg":3,"minecraft:diamond_helmet":1,"minecraft:granite":1,"biomesoplenty:maple_sapling":4,"minecraft:dark_oak_planks":206,"minecraft:wooden_axe":59,"minecraft:sea_lantern":3,"minecraft:oak_stairs":7,"minecraft:tadpole_bucket":2,"minecraft:cobbled_deepslate":5,"minecraft:wheat_seeds":64,"minecraft:quartz_bricks":44,"minecraft:water_bucket":18,"minecraft:spruce_sign":1,"minecraft:stonecutter":1,"minecraft:crafting_table":3,"minecraft:white_bed":6,"biomesoplenty:orange_autumn_sapling":49,"minecraft:smoker":1,"minecraft:dark_oak_door":5,"minecraft:wooden_hoe":59,"minecraft:apple":1,"minecraft:iron_pickaxe":247,"minecraft:stone_slab":1,"minecraft:leather_helmet":1,"minecraft:spruce_sapling":1,"minecraft:stone_axe":251,"minecraft:cobblestone":48,"minecraft:bucket":19,"alexsmobs:animal_dictionary":3,"minecraft:dandelion":4}},"DataVersion":3465}