{"stats":{"minecraft:killed":{"minecraft:tadpole":2,"minecraft:skeleton":8,"minecraft:wandering_trader":2,"illusion_onslaught:spirit":2,"minecraft:sheep":6,"minecraft:trader_llama":4},"minecraft:custom":{"minecraft:mob_kills":14,"minecraft:interact_with_crafting_table":22,"minecraft:open_barrel":5,"minecraft:bell_ring":1,"minecraft:leave_game":11,"minecraft:time_since_death":40063,"minecraft:climb_one_cm":6792,"minecraft:sprint_one_cm":694639,"minecraft:walk_one_cm":831272,"minecraft:drop":306,"minecraft:talked_to_villager":2,"minecraft:play_time":369872,"minecraft:deaths":5,"minecraft:sneak_time":5590,"minecraft:walk_under_water_one_cm":32778,"minecraft:jump":2557,"minecraft:walk_on_water_one_cm":48639,"minecraft:total_world_time":369872,"minecraft:interact_with_furnace":7,"minecraft:sleep_in_bed":1,"minecraft:time_since_rest":40091,"minecraft:damage_taken":2921,"minecraft:damage_dealt":2081,"minecraft:swim_one_cm":42698,"minecraft:fly_one_cm":527227,"minecraft:open_chest":177,"minecraft:crouch_one_cm":15538,"minecraft:fall_one_cm":52357,"minecraft:inspect_dispenser":2},"minecraft:dropped":{"minecraft:wheat_seeds":11,"minecraft:tadpole_bucket":1,"biomesoplenty:maple_sapling":1,"minecraft:cobblestone":3,"minecraft:leather":1,"minecraft:tropical_fish":2,"minecraft:emerald":2,"minecraft:dirt":57,"minecraft:wooden_hoe":1,"minecraft:torch":1,"minecraft:mutton":2,"gravestone:obituary":9,"spartanshields:dark_steel_riot_basic_shield":1,"minecraft:iron_pickaxe":1,"minecraft:string":1,"minecraft:dark_oak_planks":217,"minecraft:bucket":1,"minecraft:spruce_sapling":3,"minecraft:dandelion":2,"minecraft:dark_oak_door":1,"minecraft:stone_axe":1,"minecraft:sugar_cane":2,"minecraft:stone_sword":13,"minecraft:wheat":2,"minecraft:beetroot":1,"minecraft:oak_planks":62,"biomesoplenty:orange_autumn_sapling":29,"minecraft:glass_pane":1,"minecraft:poppy":1,"minecraft:potato":1,"minecraft:hay_block":2,"minecraft:diamond_pickaxe":1,"minecraft:oak_sapling":1,"minecraft:spider_eye":1,"spartanweaponry:copper_flanged_mace":1,"minecraft:bow":1,"minecraft:stone_pickaxe":1,"uniquedungeons:climbing_hook_item":5},"minecraft:broken":{"minecraft:wooden_shovel":1,"minecraft:stone_axe":1,"minecraft:wooden_axe":1,"minecraft:wooden_hoe":1},"minecraft:picked_up":{"minecraft:iron_chestplate":1,"minecraft:crafting_table":1,"minecraft:wheat":17,"minecraft:leather_leggings":1,"minecraft:lead":2,"biomesoplenty:orange_autumn_sapling":76,"gravestone:obituary":2,"minecraft:string":1,"minecraft:raw_copper":14,"minecraft:iron_leggings":1,"dungeonnowloading:spawner_fragment":9,"minecraft:armor_stand":4,"minecraft:zombie_head":3,"minecraft:glass_pane":1,"minecraft:beetroot":1,"minecraft:bucket":1,"improvableskills:scroll_normal":1,"minecraft:poppy":1,"minecraft:sugar_cane":36,"minecraft:iron_boots":1,"minecraft:dark_oak_door":2,"minecraft:raw_iron":1,"minecraft:stick":55,"minecraft:torch":40,"illusion_onslaught:spirit_dust":1,"minecraft:carrot":14,"minecraft:redstone":1,"minecraft:prismarine_crystals":2,"minecraft:dark_oak_planks":18,"minecraft:stone_sword":1,"minecraft:arrow":3,"minecraft:rotten_flesh":2,"minecraft:beetroot_seeds":2,"minecraft:hay_block":4,"minecraft:mutton":2,"minecraft:iron_bars":1,"forbidden_arcanus:spawner_scrap":2,"minecraft:white_wool":3,"minecraft:cobblestone":40,"minecraft:leather_chestplate":1,"minecraft:repeater":1,"minecraft:lilac":3,"minecraft:leather":3,"minecraft:potato":1,"uniquedungeons:climbing_hook_item":1,"minecraft:tuff":1,"minecraft:oak_log":35,"minecraft:dirt":258,"minecraft:leather_boots":1,"minecraft:bone":2,"minecraft:apple":7,"minecraft:stone_bricks":3,"minecraft:bow":2,"minecraft:wheat_seeds":71,"minecraft:stone_pickaxe":1,"minecraft:oak_planks":50,"minecraft:book":27,"minecraft:dandelion":3,"minecraft:spruce_sapling":13,"minecraft:white_bed":4,"minecraft:dark_oak_log":153,"minecraft:spider_eye":1,"minecraft:dark_prismarine":1,"minecraft:skeleton_spawn_egg":1,"biomesoplenty:maple_sapling":5,"minecraft:stone_axe":1,"minecraft:iron_helmet":1,"minecraft:crossbow":1,"minecraft:emerald":4,"minecraft:oak_sapling":4,"minecraft:dark_oak_fence":5,"minecraft:coal":25},"minecraft:killed_by":{"minecraft:spider":1,"minecraft:skeleton":1,"minecraft:zombie":1,"mokels_adventure:vyde":2},"minecraft:crafted":{"minecraft:oak_planks":140,"minecraft:furnace":1,"minecraft:dark_oak_door":3,"minecraft:dark_oak_fence":9,"minecraft:chest":16,"minecraft:dark_oak_planks":532,"minecraft:wheat":18,"minecraft:wooden_shovel":1,"minecraft:crafting_table":1,"minecraft:stone_axe":1,"minecraft:bread":10,"minecraft:wooden_hoe":2,"minecraft:stick":16,"minecraft:wooden_axe":1,"minecraft:torch":40},"minecraft:mined":{"minecraft:dark_oak_planks":25,"minecraft:dark_prismarine":1,"minecraft:tuff":1,"minecraft:white_bed":4,"minecraft:sea_lantern":1,"gravestone:gravestone":4,"minecraft:dark_oak_fence":6,"minecraft:grass_block":204,"minecraft:redstone_wire":1,"minecraft:spawner":2,"minecraft:carrots":5,"minecraft:iron_ore":2,"treechop:chopped_log":28,"minecraft:bookshelf":9,"minecraft:iron_bars":1,"minecraft:stone":30,"uniquedungeons:climbing_rope":2,"uniquedungeons:climbing_hook":1,"minecraft:dandelion":1,"minecraft:crafting_table":1,"minecraft:torch":23,"minecraft:tall_grass":20,"minecraft:copper_ore":5,"minecraft:oak_planks":8,"minecraft:sugar_cane":25,"minecraft:wall_torch":18,"minecraft:dark_oak_door":1,"minecraft:wheat":14,"minecraft:lilac":1,"minecraft:white_carpet":1,"minecraft:grass":68,"minecraft:coal_ore":25,"minecraft:gravel":1,"minecraft:dirt":36,"minecraft:cobweb":4,"minecraft:zombie_wall_head":1,"minecraft:stone_bricks":4,"minecraft:oak_leaves":2},"minecraft:used":{"minecraft:stone_sword":66,"minecraft:iron_shovel":142,"minecraft:armor_stand":4,"minecraft:redstone":1,"minecraft:chest":17,"minecraft:wooden_shovel":61,"minecraft:torch":78,"minecraft:dirt":196,"minecraft:skeleton_spawn_egg":1,"easy_npc:humanoid_slim_spawn_egg":3,"minecraft:carrot":33,"minecraft:diamond_helmet":1,"biomesoplenty:maple_sapling":4,"minecraft:wooden_axe":59,"minecraft:dark_oak_planks":203,"minecraft:sea_lantern":3,"minecraft:quartz_pillar":18,"minecraft:grass_block":40,"minecraft:quartz_block":234,"minecraft:tadpole_bucket":2,"minecraft:repeater":1,"minecraft:bow":1,"minecraft:oak_sapling":3,"minecraft:furnace":1,"minecraft:beetroot_seeds":2,"minecraft:quartz_bricks":44,"minecraft:wheat_seeds":45,"minecraft:water_bucket":4,"minecraft:leather_leggings":1,"minecraft:stone_pickaxe":67,"minecraft:oak_planks":85,"minecraft:leather_chestplate":1,"minecraft:sugar_cane":34,"minecraft:smooth_quartz_stairs":134,"minecraft:crafting_table":2,"minecraft:white_bed":4,"biomesoplenty:orange_autumn_sapling":47,"minecraft:dark_oak_door":4,"minecraft:wooden_hoe":59,"minecraft:zombie_head":1,"minecraft:bread":45,"minecraft:iron_pickaxe":13,"minecraft:leather_helmet":1,"minecraft:lilac":2,"minecraft:stone_axe":165,"minecraft:cobblestone":15,"minecraft:dark_oak_fence":9,"minecraft:bucket":4,"alexsmobs:animal_dictionary":3,"minecraft:dandelion":1}},"DataVersion":3465}