{"stats":{"minecraft:custom":{"minecraft:time_since_rest":140001,"minecraft:crouch_one_cm":311,"minecraft:play_time":140001,"minecraft:sprint_one_cm":7711,"minecraft:walk_one_cm":82244,"minecraft:sneak_time":642,"minecraft:drop":19,"minecraft:jump":78,"minecraft:leave_game":7,"minecraft:time_since_death":140001,"minecraft:total_world_time":140001,"minecraft:fall_one_cm":209,"minecraft:fly_one_cm":20612},"minecraft:picked_up":{"minecraft:stick":6,"minecraft:stone_sword":1,"minecraft:glass_pane":1,"minecraft:stone_axe":1,"minecraft:stone_pickaxe":1,"minecraft:spruce_sapling":13},"minecraft:used":{"minecraft:quartz_bricks":44,"minecraft:smooth_quartz_stairs":134,"minecraft:sea_lantern":3,"easy_npc:humanoid_slim_spawn_egg":1,"minecraft:quartz_pillar":18,"minecraft:grass_block":40,"minecraft:quartz_block":234,"minecraft:diamond_helmet":1},"minecraft:dropped":{"minecraft:stone_axe":1,"minecraft:stone_pickaxe":1,"minecraft:stone_sword":13,"minecraft:glass_pane":1,"minecraft:spruce_sapling":3}},"DataVersion":3465}