{"stats":{"minecraft:killed":{"minecraft:spider":2,"minecraft:phantom":4,"minecraft:skeleton":4,"minecraft:creeper":2,"minecraft:zombie":10},"minecraft:custom":{"minecraft:mob_kills":11,"minecraft:interact_with_crafting_table":9,"minecraft:open_barrel":13,"minecraft:eat_cake_slice":5,"minecraft:leave_game":3,"minecraft:time_since_death":59255,"minecraft:climb_one_cm":14399,"minecraft:sprint_one_cm":580745,"minecraft:walk_one_cm":1173026,"minecraft:damage_blocked_by_shield":640,"minecraft:drop":82,"minecraft:play_time":399810,"minecraft:deaths":13,"minecraft:sneak_time":2442,"minecraft:walk_under_water_one_cm":79170,"minecraft:jump":2808,"minecraft:walk_on_water_one_cm":110714,"minecraft:total_world_time":399810,"minecraft:interact_with_furnace":10,"spartanshields:shield_bash_hits":1,"minecraft:interact_with_loom":1,"minecraft:sleep_in_bed":5,"minecraft:time_since_rest":7754,"minecraft:damage_taken":7520,"minecraft:damage_dealt":2990,"minecraft:swim_one_cm":10918,"minecraft:fly_one_cm":98353,"minecraft:open_chest":79,"minecraft:crouch_one_cm":7567,"minecraft:interact_with_smoker":1,"minecraft:fall_one_cm":50696,"minecraft:inspect_dispenser":2},"minecraft:dropped":{"minecraft:wheat_seeds":10,"minecraft:tadpole_bucket":2,"minecraft:cobblestone":12,"minecraft:lead":2,"minecraft:tropical_fish":5,"minecraft:dirt":6,"spartanweaponry:iron_flanged_mace":1,"minecraft:torch":1,"gravestone:obituary":10,"minecraft:iron_pickaxe":1,"minecraft:bone":2,"minecraft:dandelion":6,"minecraft:stone_sword":1,"minecraft:oak_planks":30,"minecraft:azure_bluet":1,"minecraft:white_bed":1,"minecraft:carrot":2,"minecraft:arrow":6,"minecraft:stone_pickaxe":1,"domesticationinnovation:collar_tag":2},"minecraft:broken":{"minecraft:leather_chestplate":1,"minecraft:stone_hoe":1,"minecraft:leather_boots":1,"minecraft:iron_pickaxe":1},"minecraft:picked_up":{"minecraft:charcoal":3,"minecraft:birch_door":1,"minecraft:wheat":27,"minecraft:azure_bluet":4,"minecraft:flower_pot":1,"minecraft:smithing_table":1,"minecraft:lead":2,"biomesoplenty:orange_autumn_sapling":1,"minecraft:oak_stairs":1,"gravestone:obituary":2,"minecraft:shield":1,"minecraft:cornflower":1,"minecraft:string":1,"minecraft:iron_leggings":1,"minecraft:item_frame":2,"minecraft:cyan_carpet":2,"dungeonnowloading:spawner_fragment":6,"minecraft:beetroot":4,"alexsmobs:elastic_tendon":2,"minecraft:poppy":2,"minecraft:iron_pickaxe":1,"minecraft:spruce_slab":4,"minecraft:sugar_cane":27,"minecraft:chest":3,"spartanweaponry:iron_flanged_mace":1,"minecraft:spruce_trapdoor":12,"minecraft:stick":10,"minecraft:raw_iron":62,"minecraft:stripped_mangrove_wood":2,"minecraft:torch":6,"minecraft:spruce_stairs":6,"minecraft:stone_button":1,"minecraft:mangrove_sign":3,"minecraft:carrot":41,"minecraft:dark_oak_planks":268,"minecraft:stone_sword":1,"minecraft:arrow":23,"minecraft:diamond_chestplate":1,"minecraft:rotten_flesh":7,"minecraft:tropical_fish":7,"minecraft:beetroot_seeds":10,"minecraft:hay_block":5,"minecraft:tadpole_bucket":3,"domesticationinnovation:collar_tag":2,"minecraft:mutton":3,"forbidden_arcanus:spawner_scrap":1,"minecraft:skeleton_skull":1,"minecraft:cobblestone":74,"minecraft:oxeye_daisy":1,"minecraft:lilac":3,"minecraft:repeater":1,"minecraft:water_bucket":1,"minecraft:andesite":22,"minecraft:potato":18,"uniquedungeons:climbing_hook_item":20,"minecraft:tuff":1,"minecraft:oak_log":40,"minecraft:warped_trapdoor":2,"minecraft:cobblestone_stairs":2,"minecraft:wooden_hoe":1,"minecraft:lapis_lazuli":45,"minecraft:dirt":78,"minecraft:lantern":6,"minecraft:red_carpet":1,"minecraft:bone":12,"minecraft:apple":4,"minecraft:bow":1,"minecraft:wheat_seeds":75,"minecraft:oak_planks":61,"minecraft:book":1,"minecraft:black_candle":5,"minecraft:dandelion":17,"minecraft:gravel":4,"minecraft:sand":15,"minecraft:white_bed":2,"spartanweaponry:wooden_longbow":1,"minecraft:spider_eye":1,"minecraft:barrel":4,"minecraft:mossy_cobblestone":2,"minecraft:skeleton_spawn_egg":1,"minecraft:white_candle":4,"minecraft:granite":5,"minecraft:spruce_sign":1,"minecraft:bread":18,"minecraft:oak_sapling":21,"minecraft:coal":120},"minecraft:killed_by":{"minecraft:phantom":1,"minecraft:zombie":1,"mokels_adventure:vyde":2,"guardvillagers:guard":1},"minecraft:crafted":{"minecraft:oak_planks":68,"minecraft:cobblestone_stairs":4,"minecraft:glass":15,"minecraft:dark_oak_fence":27,"minecraft:chest":2,"minecraft:dark_oak_planks":36,"minecraft:stone_hoe":1,"minecraft:charcoal":4,"minecraft:stick":20},"minecraft:mined":{"minecraft:dark_oak_planks":47,"minecraft:tuff":1,"minecraft:white_bed":1,"minecraft:farmland":2,"minecraft:cobblestone_stairs":2,"minecraft:spruce_trapdoor":13,"gravestone:gravestone":7,"minecraft:granite":5,"minecraft:grass_block":26,"minecraft:spruce_fence":1,"minecraft:potted_azalea_bush":2,"minecraft:oxeye_daisy":1,"minecraft:spawner":3,"minecraft:hay_block":7,"forbidden_arcanus:deepslate_arcane_crystal_ore":1,"minecraft:carrots":14,"minecraft:iron_ore":60,"minecraft:barrel":3,"minecraft:andesite":11,"treechop:chopped_log":4,"minecraft:azure_bluet":2,"minecraft:potatoes":5,"minecraft:deepslate_iron_ore":1,"minecraft:potted_spruce_sapling":1,"minecraft:lantern":6,"minecraft:black_candle":2,"minecraft:warped_trapdoor":2,"minecraft:stripped_mangrove_wood":3,"minecraft:stone":61,"uniquedungeons:climbing_rope":1,"minecraft:spruce_slab":4,"uniquedungeons:climbing_hook":3,"minecraft:dandelion":6,"xp_jellies:expbulb":2,"minecraft:cornflower":1,"minecraft:poppy":1,"minecraft:chest":3,"minecraft:sculk_sensor":1,"minecraft:campfire":1,"minecraft:glass":1,"minecraft:tall_grass":8,"minecraft:cobblestone":12,"minecraft:white_candle":1,"minecraft:lapis_ore":4,"minecraft:sugar_cane":9,"minecraft:oak_planks":11,"minecraft:skeleton_skull":1,"minecraft:spruce_stairs":4,"minecraft:repeater":2,"forbidden_arcanus:xpetrified_ore":4,"minecraft:wheat":21,"minecraft:lilac":5,"minecraft:grass":14,"minecraft:coal_ore":120,"minecraft:beetroots":4,"minecraft:cyan_carpet":2,"minecraft:gravel":1,"minecraft:sand":15,"minecraft:dirt":28,"minecraft:deepslate":3},"minecraft:used":{"minecraft:stone_sword":170,"minecraft:iron_shovel":74,"minecraft:poppy":2,"minecraft:chest":4,"minecraft:shield":5,"minecraft:stone_hoe":131,"minecraft:torch":2,"minecraft:dirt":54,"minecraft:spruce_stairs":2,"minecraft:carrot":8,"minecraft:azure_bluet":2,"minecraft:milk_bucket":1,"minecraft:glass":13,"minecraft:dark_oak_planks":251,"minecraft:lantern":6,"minecraft:item_frame":2,"minecraft:tadpole_bucket":1,"minecraft:bow":33,"minecraft:hay_block":5,"minecraft:oak_sapling":4,"minecraft:beetroot_seeds":10,"minecraft:potato":6,"minecraft:wheat_seeds":79,"minecraft:water_bucket":23,"minecraft:leather_leggings":1,"minecraft:cobblestone_stairs":6,"minecraft:stone_pickaxe":117,"minecraft:oak_planks":71,"minecraft:leather_chestplate":1,"minecraft:sugar_cane":26,"spartanweaponry:wooden_longbow":10,"minecraft:white_bed":1,"biomesoplenty:orange_autumn_sapling":1,"minecraft:wooden_hoe":17,"minecraft:cornflower":1,"minecraft:oxeye_daisy":1,"minecraft:bread":59,"minecraft:iron_pickaxe":249,"minecraft:leather_helmet":1,"minecraft:lilac":3,"minecraft:stone_axe":113,"minecraft:cobblestone":22,"minecraft:dark_oak_fence":27,"minecraft:bucket":7,"alexsmobs:animal_dictionary":1,"minecraft:dandelion":5}},"DataVersion":3465}