{"stats":{"minecraft:picked_up":{"minecraft:wheat":7,"minecraft:azure_bluet":2,"minecraft:andesite":10,"minecraft:lead":2,"biomesoplenty:orange_autumn_sapling":1,"minecraft:potato":2,"uniquedungeons:climbing_hook_item":5,"minecraft:oak_log":17,"gravestone:obituary":1,"minecraft:cobblestone_stairs":2,"minecraft:string":1,"minecraft:dirt":70,"minecraft:lantern":6,"minecraft:item_frame":2,"minecraft:red_carpet":1,"minecraft:bone":2,"minecraft:apple":2,"minecraft:bow":1,"minecraft:wheat_seeds":26,"minecraft:iron_pickaxe":1,"minecraft:sugar_cane":7,"minecraft:oak_planks":55,"minecraft:stick":5,"minecraft:torch":4,"minecraft:dandelion":6,"minecraft:gravel":2,"minecraft:sand":15,"minecraft:stone_button":1,"minecraft:carrot":5,"minecraft:spider_eye":1,"minecraft:dark_oak_planks":260,"minecraft:arrow":2,"minecraft:rotten_flesh":1,"minecraft:tropical_fish":5,"minecraft:tadpole_bucket":3,"minecraft:oak_sapling":4,"domesticationinnovation:collar_tag":2,"minecraft:coal":31,"minecraft:skeleton_skull":1,"minecraft:cobblestone":41},"minecraft:crafted":{"minecraft:oak_planks":68,"minecraft:cobblestone_stairs":4,"minecraft:glass":15,"minecraft:charcoal":4,"minecraft:stick":4,"minecraft:chest":2,"minecraft:dark_oak_planks":16,"minecraft:stone_hoe":1},"minecraft:killed_by":{"minecraft:phantom":1,"minecraft:zombie":1,"mokels_adventure:vyde":2,"guardvillagers:guard":1},"minecraft:mined":{"minecraft:dark_oak_planks":40,"minecraft:farmland":2,"minecraft:cobblestone_stairs":2,"gravestone:gravestone":2,"minecraft:grass_block":23,"minecraft:glass":1,"minecraft:tall_grass":2,"minecraft:sugar_cane":2,"minecraft:oak_planks":5,"minecraft:skeleton_skull":1,"minecraft:andesite":10,"treechop:chopped_log":3,"minecraft:grass":5,"minecraft:coal_ore":31,"minecraft:lantern":6,"minecraft:gravel":1,"minecraft:sand":15,"minecraft:dirt":28,"minecraft:stone":41},"minecraft:killed":{"minecraft:spider":2},"minecraft:used":{"minecraft:wheat_seeds":23,"minecraft:water_bucket":7,"minecraft:leather_leggings":1,"minecraft:stone_sword":18,"minecraft:cobblestone_stairs":6,"minecraft:iron_shovel":65,"minecraft:stone_pickaxe":91,"minecraft:oak_planks":71,"minecraft:chest":2,"minecraft:leather_chestplate":1,"minecraft:stone_hoe":96,"minecraft:sugar_cane":7,"minecraft:torch":2,"minecraft:dirt":54,"biomesoplenty:orange_autumn_sapling":1,"minecraft:milk_bucket":1,"minecraft:glass":13,"minecraft:dark_oak_planks":248,"minecraft:lantern":6,"minecraft:bread":4,"minecraft:iron_pickaxe":27,"minecraft:leather_helmet":1,"minecraft:item_frame":2,"minecraft:stone_axe":47,"minecraft:tadpole_bucket":1,"minecraft:cobblestone":2,"minecraft:oak_sapling":4,"minecraft:bucket":7,"alexsmobs:animal_dictionary":1},"minecraft:dropped":{"minecraft:wheat_seeds":2,"minecraft:tadpole_bucket":2,"minecraft:lead":2,"minecraft:oak_planks":30,"minecraft:azure_bluet":1,"minecraft:tropical_fish":5,"minecraft:carrot":2,"minecraft:dirt":6,"minecraft:torch":1,"gravestone:obituary":1,"domesticationinnovation:collar_tag":2,"minecraft:bone":2},"minecraft:custom":{"minecraft:interact_with_furnace":8,"minecraft:mob_kills":1,"minecraft:interact_with_crafting_table":6,"minecraft:open_barrel":2,"minecraft:leave_game":1,"minecraft:time_since_death":39285,"minecraft:sleep_in_bed":1,"minecraft:time_since_rest":39407,"minecraft:sprint_one_cm":102113,"minecraft:damage_taken":1502,"minecraft:walk_one_cm":365779,"minecraft:drop":52,"minecraft:damage_dealt":604,"minecraft:swim_one_cm":827,"minecraft:fly_one_cm":11535,"minecraft:open_chest":30,"minecraft:crouch_one_cm":140,"minecraft:play_time":120601,"minecraft:deaths":5,"minecraft:sneak_time":197,"minecraft:walk_under_water_one_cm":13028,"minecraft:jump":552,"minecraft:walk_on_water_one_cm":37341,"minecraft:total_world_time":120601,"minecraft:fall_one_cm":8231}},"DataVersion":3465}