{"stats":{"minecraft:killed":{"minecraft:spider":2},"minecraft:custom":{"minecraft:interact_with_furnace":8,"minecraft:mob_kills":1,"minecraft:interact_with_crafting_table":9,"minecraft:open_barrel":2,"minecraft:leave_game":2,"minecraft:time_since_death":3352,"minecraft:sleep_in_bed":1,"minecraft:climb_one_cm":3335,"minecraft:time_since_rest":3475,"minecraft:sprint_one_cm":236749,"minecraft:damage_taken":1758,"minecraft:walk_one_cm":507032,"minecraft:drop":52,"minecraft:damage_dealt":749,"minecraft:swim_one_cm":7849,"minecraft:fly_one_cm":26351,"minecraft:open_chest":41,"minecraft:crouch_one_cm":140,"minecraft:play_time":163340,"minecraft:deaths":6,"minecraft:sneak_time":197,"minecraft:walk_under_water_one_cm":17452,"minecraft:jump":776,"minecraft:walk_on_water_one_cm":40948,"minecraft:total_world_time":163340,"minecraft:fall_one_cm":11557},"minecraft:dropped":{"minecraft:wheat_seeds":2,"minecraft:tadpole_bucket":2,"minecraft:lead":2,"minecraft:oak_planks":30,"minecraft:azure_bluet":1,"minecraft:tropical_fish":5,"minecraft:carrot":2,"minecraft:dirt":6,"minecraft:torch":1,"gravestone:obituary":1,"domesticationinnovation:collar_tag":2,"minecraft:bone":2},"minecraft:broken":{"minecraft:stone_hoe":1},"minecraft:picked_up":{"minecraft:wheat":7,"minecraft:azure_bluet":4,"minecraft:lilac":3,"minecraft:repeater":1,"minecraft:andesite":10,"minecraft:lead":2,"biomesoplenty:orange_autumn_sapling":1,"minecraft:potato":2,"uniquedungeons:climbing_hook_item":5,"minecraft:oak_log":17,"gravestone:obituary":1,"minecraft:cobblestone_stairs":2,"minecraft:cornflower":1,"minecraft:string":1,"minecraft:dirt":70,"minecraft:lantern":6,"minecraft:item_frame":2,"minecraft:red_carpet":1,"minecraft:bone":2,"minecraft:beetroot":1,"minecraft:apple":2,"minecraft:bow":1,"minecraft:wheat_seeds":27,"minecraft:poppy":2,"minecraft:iron_pickaxe":1,"minecraft:sugar_cane":26,"minecraft:oak_planks":55,"minecraft:stick":5,"minecraft:torch":4,"minecraft:dandelion":11,"minecraft:gravel":2,"minecraft:sand":15,"minecraft:stone_button":1,"minecraft:carrot":5,"minecraft:spider_eye":1,"minecraft:dark_oak_planks":260,"minecraft:arrow":2,"minecraft:rotten_flesh":3,"minecraft:tropical_fish":5,"minecraft:beetroot_seeds":3,"minecraft:tadpole_bucket":3,"domesticationinnovation:collar_tag":2,"minecraft:oak_sapling":4,"minecraft:mutton":3,"minecraft:coal":31,"minecraft:skeleton_skull":1,"minecraft:cobblestone":50,"minecraft:oxeye_daisy":1},"minecraft:killed_by":{"minecraft:phantom":1,"minecraft:zombie":1,"mokels_adventure:vyde":2,"guardvillagers:guard":1},"minecraft:crafted":{"minecraft:oak_planks":68,"minecraft:cobblestone_stairs":4,"minecraft:glass":15,"minecraft:dark_oak_fence":27,"minecraft:charcoal":4,"minecraft:stick":20,"minecraft:chest":2,"minecraft:dark_oak_planks":36,"minecraft:stone_hoe":1},"minecraft:mined":{"minecraft:dark_oak_planks":40,"minecraft:farmland":2,"minecraft:cobblestone_stairs":2,"minecraft:dandelion":5,"minecraft:cornflower":1,"gravestone:gravestone":3,"minecraft:grass_block":23,"minecraft:poppy":1,"minecraft:glass":1,"minecraft:tall_grass":8,"minecraft:cobblestone":10,"minecraft:sugar_cane":9,"minecraft:oak_planks":5,"minecraft:oxeye_daisy":1,"minecraft:skeleton_skull":1,"minecraft:repeater":2,"minecraft:lilac":5,"minecraft:andesite":10,"treechop:chopped_log":3,"minecraft:azure_bluet":2,"minecraft:grass":11,"minecraft:coal_ore":31,"minecraft:beetroots":1,"minecraft:lantern":6,"minecraft:gravel":1,"minecraft:sand":15,"minecraft:dirt":28,"minecraft:stone":41},"minecraft:used":{"minecraft:wheat_seeds":40,"minecraft:water_bucket":7,"minecraft:leather_leggings":1,"minecraft:cobblestone_stairs":6,"minecraft:stone_sword":35,"minecraft:iron_shovel":74,"minecraft:stone_pickaxe":104,"minecraft:oak_planks":71,"minecraft:poppy":1,"minecraft:chest":2,"minecraft:leather_chestplate":1,"minecraft:stone_hoe":131,"minecraft:sugar_cane":26,"minecraft:torch":2,"minecraft:dirt":54,"biomesoplenty:orange_autumn_sapling":1,"minecraft:azure_bluet":2,"minecraft:milk_bucket":1,"minecraft:glass":13,"minecraft:dark_oak_planks":248,"minecraft:cornflower":1,"minecraft:oxeye_daisy":1,"minecraft:lantern":6,"minecraft:bread":9,"minecraft:iron_pickaxe":27,"minecraft:leather_helmet":1,"minecraft:item_frame":2,"minecraft:stone_axe":47,"minecraft:tadpole_bucket":1,"minecraft:cobblestone":12,"minecraft:oak_sapling":4,"minecraft:dark_oak_fence":27,"minecraft:bucket":7,"alexsmobs:animal_dictionary":1,"minecraft:dandelion":5,"minecraft:potato":2}},"DataVersion":3465}