{"stats":{"minecraft:picked_up":{"minecraft:porkchop":1,"minecraft:oak_log":13,"minecraft:dirt":4},"minecraft:used":{"minecraft:dirt":4},"minecraft:custom":{"minecraft:time_since_rest":3054,"minecraft:sprint_one_cm":9395,"minecraft:play_time":3054,"minecraft:damage_taken":10,"minecraft:walk_one_cm":8712,"minecraft:sneak_time":10,"minecraft:mob_kills":1,"minecraft:drop":14,"minecraft:jump":67,"minecraft:damage_dealt":310,"minecraft:leave_game":2,"minecraft:time_since_death":3054,"minecraft:total_world_time":3054,"minecraft:fall_one_cm":1730,"minecraft:fly_one_cm":10693},"minecraft:killed":{"minecraft:pig":1},"minecraft:dropped":{"minecraft:porkchop":1,"minecraft:oak_log":13},"minecraft:mined":{"minecraft:grass":8,"minecraft:grass_block":1,"minecraft:oak_log":9,"minecraft:dirt":3}},"DataVersion":3465}