{"stats":{"minecraft:killed":{"minecraft:spider":2,"minecraft:skeleton":4},"minecraft:custom":{"minecraft:mob_kills":3,"minecraft:interact_with_crafting_table":9,"minecraft:open_barrel":9,"minecraft:leave_game":2,"minecraft:time_since_death":66194,"minecraft:climb_one_cm":3335,"minecraft:sprint_one_cm":415775,"minecraft:walk_one_cm":743686,"minecraft:drop":71,"minecraft:play_time":247340,"minecraft:deaths":7,"minecraft:sneak_time":201,"minecraft:walk_under_water_one_cm":19485,"minecraft:jump":1275,"minecraft:walk_on_water_one_cm":51776,"minecraft:total_world_time":247340,"minecraft:interact_with_furnace":8,"minecraft:interact_with_loom":1,"minecraft:sleep_in_bed":2,"minecraft:time_since_rest":17002,"minecraft:damage_taken":2881,"minecraft:damage_dealt":1145,"minecraft:swim_one_cm":10918,"minecraft:fly_one_cm":52345,"minecraft:open_chest":60,"minecraft:crouch_one_cm":140,"minecraft:interact_with_smoker":1,"minecraft:fall_one_cm":19323,"minecraft:inspect_dispenser":2},"minecraft:dropped":{"minecraft:wheat_seeds":10,"minecraft:tadpole_bucket":2,"minecraft:cobblestone":12,"minecraft:lead":2,"minecraft:tropical_fish":5,"minecraft:dirt":6,"minecraft:torch":1,"gravestone:obituary":4,"minecraft:dandelion":6,"minecraft:bone":2,"minecraft:stone_sword":1,"minecraft:oak_planks":30,"minecraft:azure_bluet":1,"minecraft:carrot":2,"domesticationinnovation:collar_tag":2},"minecraft:broken":{"minecraft:stone_hoe":1},"minecraft:picked_up":{"minecraft:charcoal":3,"minecraft:wheat":27,"minecraft:azure_bluet":4,"minecraft:flower_pot":1,"minecraft:lead":2,"biomesoplenty:orange_autumn_sapling":1,"minecraft:oak_stairs":1,"gravestone:obituary":2,"minecraft:shield":1,"minecraft:cornflower":1,"minecraft:string":1,"minecraft:item_frame":2,"dungeonnowloading:spawner_fragment":6,"minecraft:beetroot":4,"minecraft:poppy":2,"minecraft:iron_pickaxe":1,"minecraft:spruce_slab":4,"minecraft:chest":1,"minecraft:sugar_cane":27,"minecraft:spruce_trapdoor":12,"minecraft:stick":5,"minecraft:torch":5,"minecraft:spruce_stairs":6,"minecraft:stone_button":1,"minecraft:carrot":41,"minecraft:dark_oak_planks":268,"minecraft:stone_sword":1,"minecraft:arrow":9,"minecraft:rotten_flesh":3,"minecraft:diamond_chestplate":1,"minecraft:tropical_fish":7,"minecraft:beetroot_seeds":10,"minecraft:hay_block":5,"minecraft:tadpole_bucket":3,"domesticationinnovation:collar_tag":2,"minecraft:mutton":3,"minecraft:skeleton_skull":1,"forbidden_arcanus:spawner_scrap":1,"minecraft:cobblestone":53,"minecraft:oxeye_daisy":1,"minecraft:lilac":3,"minecraft:repeater":1,"minecraft:andesite":10,"minecraft:potato":18,"uniquedungeons:climbing_hook_item":8,"minecraft:oak_log":17,"minecraft:warped_trapdoor":2,"minecraft:cobblestone_stairs":2,"minecraft:wooden_hoe":1,"minecraft:dirt":71,"minecraft:lantern":6,"minecraft:red_carpet":1,"minecraft:bone":11,"minecraft:apple":2,"minecraft:bow":1,"minecraft:wheat_seeds":75,"minecraft:oak_planks":61,"minecraft:book":1,"minecraft:black_candle":5,"minecraft:dandelion":17,"minecraft:gravel":2,"minecraft:sand":15,"minecraft:barrel":4,"minecraft:spider_eye":1,"minecraft:mossy_cobblestone":1,"minecraft:skeleton_spawn_egg":1,"minecraft:white_candle":4,"minecraft:spruce_sign":1,"minecraft:bread":18,"minecraft:oak_sapling":4,"minecraft:coal":46},"minecraft:killed_by":{"minecraft:phantom":1,"minecraft:zombie":1,"mokels_adventure:vyde":2,"guardvillagers:guard":1},"minecraft:crafted":{"minecraft:oak_planks":68,"minecraft:cobblestone_stairs":4,"minecraft:glass":15,"minecraft:dark_oak_fence":27,"minecraft:chest":2,"minecraft:dark_oak_planks":36,"minecraft:stone_hoe":1,"minecraft:charcoal":4,"minecraft:stick":20},"minecraft:mined":{"minecraft:dark_oak_planks":47,"minecraft:farmland":2,"minecraft:cobblestone_stairs":2,"minecraft:spruce_trapdoor":13,"gravestone:gravestone":4,"minecraft:spruce_fence":1,"minecraft:grass_block":24,"minecraft:potted_azalea_bush":2,"minecraft:oxeye_daisy":1,"minecraft:spawner":3,"minecraft:hay_block":7,"minecraft:carrots":14,"minecraft:barrel":3,"minecraft:andesite":10,"treechop:chopped_log":3,"minecraft:azure_bluet":2,"minecraft:potatoes":5,"minecraft:potted_spruce_sapling":1,"minecraft:lantern":6,"minecraft:black_candle":2,"minecraft:warped_trapdoor":2,"minecraft:stone":43,"minecraft:spruce_slab":4,"uniquedungeons:climbing_hook":3,"minecraft:dandelion":6,"xp_jellies:expbulb":1,"minecraft:cornflower":1,"minecraft:poppy":1,"minecraft:chest":1,"minecraft:campfire":1,"minecraft:white_candle":1,"minecraft:glass":1,"minecraft:tall_grass":8,"minecraft:cobblestone":10,"minecraft:oak_planks":11,"minecraft:sugar_cane":9,"minecraft:skeleton_skull":1,"minecraft:spruce_stairs":4,"minecraft:repeater":2,"minecraft:wheat":21,"minecraft:lilac":5,"minecraft:grass":12,"minecraft:coal_ore":46,"minecraft:beetroots":4,"minecraft:gravel":1,"minecraft:sand":15,"minecraft:dirt":28},"minecraft:used":{"minecraft:stone_sword":97,"minecraft:iron_shovel":74,"minecraft:poppy":2,"minecraft:chest":2,"minecraft:stone_hoe":131,"minecraft:torch":2,"minecraft:dirt":54,"minecraft:spruce_stairs":2,"minecraft:carrot":8,"minecraft:azure_bluet":2,"minecraft:milk_bucket":1,"minecraft:glass":13,"minecraft:dark_oak_planks":251,"minecraft:lantern":6,"minecraft:item_frame":2,"minecraft:tadpole_bucket":1,"minecraft:bow":13,"minecraft:hay_block":5,"minecraft:oak_sapling":4,"minecraft:beetroot_seeds":10,"minecraft:potato":6,"minecraft:wheat_seeds":79,"minecraft:water_bucket":7,"minecraft:leather_leggings":1,"minecraft:cobblestone_stairs":6,"minecraft:stone_pickaxe":111,"minecraft:oak_planks":71,"minecraft:leather_chestplate":1,"minecraft:sugar_cane":26,"biomesoplenty:orange_autumn_sapling":1,"minecraft:wooden_hoe":17,"minecraft:cornflower":1,"minecraft:oxeye_daisy":1,"minecraft:bread":23,"minecraft:iron_pickaxe":68,"minecraft:leather_helmet":1,"minecraft:lilac":3,"minecraft:stone_axe":95,"minecraft:cobblestone":12,"minecraft:dark_oak_fence":27,"minecraft:bucket":7,"alexsmobs:animal_dictionary":1,"minecraft:dandelion":5}},"DataVersion":3465}